{"cameraMode":{"drawMode":0,"name":"Shaded","section":"Shading Mode"},"sceneLighting":false,"audioPlay":false,"sceneViewState":{"showFog":true,"showMaterialUpdate":false,"showSkybox":false,"showFlares":true,"showImageEffects":true,"showParticleSystems":true},"in2DMode":false,"pivot":{"x":169.3849639892578,"y":425.2076110839844,"z":-22.5037841796875},"rotation":{"x":0.020678922533988954,"y":-0.030892115086317064,"z":-0.0006399087724275887,"w":-0.9993167519569397},"size":329.2927551269531,"orthographic":false}